{"minzoom":0,"maxzoom":8,"center":[104.765625,18.644938,8.0],"bounds":[100.079543,13.910108,107.635142,22.509444]}