{"minzoom":0,"maxzoom":9,"center":[104.414063,18.312489,9.0],"bounds":[100.079543,13.910108,107.635142,22.509444]}